threshold,accuracy,precision,recall,f1,tp,fp,tn,fn,model,auc,ap,threshold_source,precision_at_best_f1,recall_at_best_f1,f1_at_best_f1
0.4857448229839834,0.44,0.1875,0.75,0.3,72,312,192,24,Logistic Regression,0.6079282407407408,0.22424779332806896,val_best_f1,0.1875,0.75,0.3
0.6242568370986907,0.7483333333333333,0.31788079470198677,0.5,0.38866396761133604,48,103,401,48,Decision Tree,0.6613343253968254,0.3611086917513962,val_best_f1,0.31788079470198677,0.5,0.38866396761133604
0.26066652773296267,0.7866666666666666,0.38571428571428573,0.5625,0.4576271186440678,54,86,418,42,Random Forest,0.777178406084656,0.45872973202611245,val_best_f1,0.38571428571428573,0.5625,0.4576271186440678
